genome_id	AA474	AAC(6')-Iaa	AAC(6')-Iy	AB460	AB461	AB544	AD306	APH(3'')-Ib	APH(6)-Id	Escherichia coli UhpT with mutation conferring resistance to fosfomycin	Klebsiella pneumoniae KpnE	MdtK	SPI-1	SPI-11	SPI-12	SPI-13	SPI-19	SPI-2	SPI-24	SPI-3	SPI-4	SPI-5	SPI-6	SPI-9	TEM-1	adeF	catII from Escherichia coli K-12	emrA	gifsy-2	golS	mdsA	mdsB	mdsC	mdtG	mdtM	qacEdelta1	sul1	sul2	tet(A)	ugd
GCA_000439255	0	0	0	0	0	0	0	0	0	1	1	0	0	0	0	0	0	0	0	0	0	0	0	0	0	1	0	1	0	1	0	0	0	1	0	0	0	0	0	1
GCF_000439255	0	0	0	0	0	0	0	0	0	1	1	0	0	0	0	0	0	0	0	0	0	0	0	0	0	1	0	1	0	1	0	0	0	1	0	0	0	0	0	1
GCF_000783815	0	0	1	0	1	0	0	0	0	1	1	1	1	1	0	1	1	1	0	1	1	1	0	1	1	0	0	1	0	1	1	1	1	0	1	0	0	0	1	1
GCF_001558355	0	1	0	1	0	0	0	0	0	1	1	1	1	1	1	1	0	1	1	1	1	1	1	1	0	0	0	1	1	1	1	1	1	0	1	0	0	0	0	1
GCF_001647755	0	0	1	0	0	0	0	0	0	0	1	1	1	1	0	0	0	1	0	0	1	1	0	1	1	0	0	1	0	1	1	1	1	0	1	1	1	1	0	1
GCF_001652385	0	1	0	1	0	0	0	0	0	1	1	1	1	1	1	1	0	1	1	1	1	1	0	1	0	0	0	1	0	1	1	1	1	0	1	0	0	0	0	1
GCF_001705055	0	0	1	0	1	0	0	1	1	1	1	1	1	1	0	1	1	1	0	1	1	1	0	1	0	0	0	1	0	1	1	1	1	0	1	0	0	0	1	1
GCF_001831715	0	0	1	0	0	1	0	0	0	1	1	1	1	1	0	1	0	1	0	0	1	1	0	1	0	0	0	1	0	1	1	1	1	0	1	0	0	0	0	1
GCF_001831985	0	0	1	0	0	0	1	0	0	1	1	1	1	1	0	1	0	1	0	0	1	1	0	1	0	0	0	1	0	1	1	1	1	0	1	0	0	0	0	1
GCF_001834965	0	0	1	0	0	1	0	0	0	1	1	1	1	1	0	1	0	1	0	0	1	1	0	1	0	0	0	1	0	1	1	1	1	0	1	0	0	0	0	1
GCF_002079245	0	1	0	1	0	0	0	0	0	1	1	1	1	1	1	1	0	1	1	1	1	1	0	1	0	0	0	0	1	1	1	1	1	0	1	1	1	0	0	1
GCF_002313085	0	0	1	0	1	0	0	1	1	1	1	1	1	1	0	1	1	1	0	1	1	1	0	1	1	0	1	1	0	1	1	1	1	0	1	0	0	1	0	1
GCF_002313105	0	0	1	0	1	0	0	0	0	1	1	1	1	1	0	1	1	1	0	1	1	1	0	1	0	0	0	1	0	1	1	1	1	0	1	0	0	0	0	1
GCF_002507915	0	0	1	0	0	0	0	0	0	1	1	1	1	1	0	1	0	0	0	0	1	1	0	1	0	1	0	1	0	1	1	0	1	0	1	0	0	0	0	1
GCF_002946675	0	0	1	0	1	0	0	1	1	1	1	1	1	1	0	1	1	1	0	1	1	1	0	1	1	0	1	1	0	1	1	1	1	0	1	0	0	1	0	1
GCF_003030105	0	0	0	0	0	0	0	0	0	0	0	0	1	1	0	0	0	1	0	0	1	1	0	1	0	0	0	0	0	1	1	1	1	0	1	0	0	0	0	0
GCF_003030125	0	0	1	0	0	0	0	0	1	1	1	1	1	1	0	1	0	1	1	0	1	1	0	1	1	0	0	1	0	1	1	1	1	0	1	0	0	0	1	1
GCF_003324915	0	0	1	0	0	0	0	0	0	1	1	1	1	1	0	0	0	1	0	1	1	1	0	1	1	0	0	1	0	1	1	1	1	0	1	1	1	0	0	1
GCF_003324955	0	0	1	0	0	0	0	0	0	1	1	1	1	1	0	1	0	1	1	1	1	1	0	1	0	0	0	1	0	1	1	1	1	0	1	0	0	0	0	1
GCF_003324975	0	0	1	0	0	0	0	0	0	1	1	1	1	1	0	0	0	1	0	0	1	1	0	1	0	0	0	1	0	1	1	1	1	0	1	0	0	0	0	1
GCF_003324995	1	0	1	0	0	0	0	0	0	1	1	1	0	1	0	1	0	1	0	0	1	1	0	1	0	0	0	1	0	1	1	1	1	0	1	0	0	0	0	1
GCF_003325055	0	0	1	0	0	0	0	1	1	1	0	1	1	1	0	1	0	1	1	1	1	1	0	1	0	0	1	1	0	1	1	1	1	0	1	1	1	1	0	1
GCF_003325075	1	0	1	0	0	0	0	0	0	1	1	1	1	1	0	0	0	1	0	0	1	1	0	1	0	0	0	1	0	1	1	1	1	0	1	1	1	0	0	1
GCF_003325095	0	0	1	0	0	0	0	0	0	1	1	1	1	1	0	1	0	1	1	1	1	1	0	1	0	0	0	1	0	1	1	1	1	0	1	0	0	0	0	1
GCF_003325115	0	0	1	0	0	0	0	0	0	1	1	0	0	0	0	0	0	0	0	0	0	0	0	0	0	0	0	1	0	0	0	0	0	0	0	0	0	0	0	0
GCF_003325135	0	0	1	0	0	0	0	0	0	1	1	1	1	1	0	1	0	1	0	0	1	1	0	1	0	0	0	1	0	1	1	1	1	1	1	0	0	0	0	1
GCF_003325155	0	0	1	0	0	0	0	0	0	1	1	1	1	1	0	1	0	1	1	0	1	1	0	1	0	0	0	1	0	1	1	1	1	0	1	0	0	0	0	1
GCF_003325195	0	0	1	0	0	0	0	0	0	1	1	1	1	1	0	1	0	1	0	0	1	1	0	1	0	0	0	1	0	1	1	1	1	0	1	0	0	0	0	1
GCF_003325215	0	0	1	0	0	0	0	0	0	1	1	0	0	0	0	1	0	1	0	0	0	0	0	1	0	0	0	1	0	0	0	0	0	1	1	0	0	0	0	1
GCF_003325235	0	0	1	0	0	0	0	0	0	1	1	1	1	1	0	1	0	1	0	0	1	0	0	1	0	0	0	1	0	1	1	1	1	0	1	0	0	0	0	1
GCF_003325255	0	0	1	0	0	0	0	0	0	1	1	1	1	1	0	1	0	1	1	0	1	1	0	1	0	0	0	1	0	1	1	1	1	0	1	0	0	0	0	1
GCF_003325275	1	1	0	0	0	0	0	0	0	1	1	1	1	1	0	0	0	1	0	1	1	1	1	1	0	0	0	1	0	1	1	1	1	0	1	0	0	0	0	1
GCF_003515965	0	0	1	0	1	0	0	1	1	1	1	1	1	1	0	1	1	1	0	1	1	1	0	1	0	0	0	1	0	1	1	1	1	0	1	0	0	1	1	1
GCF_003872215	0	0	1	0	0	1	0	0	0	1	1	1	1	1	0	1	0	1	0	0	1	1	0	1	0	0	0	1	0	1	1	1	1	0	1	0	0	0	0	1
GCF_004135835	0	0	1	0	1	0	0	0	0	1	1	1	1	1	0	1	1	1	0	1	1	1	0	1	0	0	0	1	0	1	1	1	1	0	1	0	0	0	0	1
GCF_004223785	0	1	0	0	0	1	0	0	0	1	1	1	1	1	0	1	0	1	1	0	1	1	1	1	0	0	0	1	0	1	1	1	1	0	1	0	0	0	0	1
GCF_005532895	0	0	1	0	0	1	0	0	0	1	1	1	1	1	0	1	0	1	0	0	1	1	0	1	0	0	0	1	0	1	1	1	1	0	1	0	0	0	0	1
GCF_005532935	0	0	1	0	0	1	1	0	0	1	1	1	1	1	0	1	0	1	0	0	1	1	0	1	0	0	0	1	0	1	1	1	1	0	1	0	0	0	0	1
GCF_005606435	0	0	1	0	0	1	1	0	0	1	1	1	1	1	0	1	0	1	0	1	1	1	0	1	0	0	0	1	0	1	1	1	1	0	1	0	0	0	0	1
GCF_005935865	0	0	1	0	0	0	0	0	0	1	1	1	1	1	0	1	0	1	0	0	1	1	0	1	0	0	0	1	0	1	1	1	1	0	1	0	0	0	0	1
GCF_005996305	0	1	0	0	0	0	0	0	0	1	1	1	1	1	1	1	0	1	1	1	1	1	1	1	0	0	0	1	1	1	1	1	1	0	1	0	0	0	0	1
GCF_005996325	0	0	0	0	0	1	0	0	0	1	1	0	0	0	0	0	0	0	0	0	0	0	0	0	0	0	0	1	0	0	0	0	0	0	1	0	0	0	0	1
GCF_005996465	0	0	1	0	0	1	0	0	0	1	1	0	0	0	0	0	0	0	0	0	0	0	0	0	0	0	0	1	0	0	0	0	0	0	1	0	0	0	0	1
GCF_005996525	0	0	1	0	0	0	0	0	0	1	1	1	1	1	0	1	0	1	0	0	1	1	0	1	0	0	0	1	0	1	1	1	1	0	1	0	0	0	0	1
GCF_006019175	0	1	0	1	0	0	0	0	0	1	1	1	1	1	1	1	0	1	1	1	1	1	1	1	0	0	0	1	1	1	1	1	1	0	1	0	0	0	0	1
